ItemID,ItemNumber,ItemNumber_old,Description,Short_Desc,BrandID,Brand,CategoryID,Category,Each_Barcode,Origin_Country,img_filename,logo_filename,DateAdded,InCatalog,HF_UOM,SRP,CaseSRP,ProductFeatureA,ProductFeatureB,ProductFeatureC,ProductFeatureD,ProductFeatureE
17152,19007,,Propagation Heat Mat 48 x12 Daisy Chainable ~60W,Propagation Heat Mat 48 x12 Da,74,Hydrofarm,10,Seed Starting,638104016186,USA,19007.jpg,15050_hydrofarm-logos.png,1/21/2015,N,EACH,49.95,49.95,Warms the rooting area to approximately 10degreesF-20degreesF above ambient temperature,Perfect size for placing two standard trays end-to-end.. and ideal for placement under 4-foot fluorescent fixtures,Ensures that the entire bottom surface of all your trays will be heated uniformly,Mats can be daisy-chained (up to 10 mats) to reduce the number of power outlets needed to run multiple mats,Heavy-duty construction and materials
13046,AAC100,,1inches Straight Connector,1inches Straight Connector,87,Active Aqua,12,Pumps & Irrigation,638104005227,CHINA,AAC100.jpg,15018_ActiveAqualLOGO.jpg,9/15/2011,Y,CASE,0.96,9.55,,,,,
13047,AAC50,,1/2inches Straight Connector,1/2inches Straight Connector,87,Active Aqua,12,Pumps & Irrigation,638104005258,CHINA,AAC50.jpg,15018_ActiveAqualLOGO.jpg,9/15/2011,Y,CASE,0.36,3.6,,,,,
13048,AAC75,,3/4inches Straight Connector,3/4inches Straight Connector,87,Active Aqua,12,Pumps & Irrigation,638104005241,CHINA,AAC75.jpg,15018_ActiveAqualLOGO.jpg,9/15/2011,Y,CASE,0.75,7.5,,,,,
7637,AACH10,,Active Aqua Chiller 1/10 HP,Active Aqua Chiller 1/10 HP,87,Active Aqua,12,Pumps & Irrigation,638104000468,CHINA,AACH10.jpg,15018_ActiveAqualLOGO.jpg,12/15/2006,Y,EACH,379.95,379.95,,,,,
11776,AACH100,,Active Aqua Chiller.. 1 HP,Active Aqua Chiller.. 1 HP,87,Active Aqua,12,Pumps & Irrigation,638104000451,CHINA,AACH100.jpg,15018_ActiveAqualLOGO.jpg,7/9/2010,Y,EACH,1545,1545,,,,,
7641,AACH25,,Active Aqua Chiller.. 1/4 HP,Active Aqua Chiller.. 1/4 HP,87,Active Aqua,12,Pumps & Irrigation,638104000475,CHINA,AACH25.jpg,15018_ActiveAqualLOGO.jpg,12/15/2006,Y,EACH,524.95,524.95,,,,,
7638,AACH50,,Active Aqua Chiller.. 1/2 HP,Active Aqua Chiller.. 1/2 HP,87,Active Aqua,12,Pumps & Irrigation,638104000482,CHINA,AACH50.jpg,15018_ActiveAqualLOGO.jpg,12/15/2006,Y,EACH,944.95,944.95,,,,,
10850,AACHF1,,Active Aqua Chiller Fitting Kit for AACH10,AA Chiller Fitting Kit: for AA,87,Active Aqua,12,Pumps & Irrigation,638104009201,CHINA,AACHF1.jpg,15018_ActiveAqualLOGO.jpg,7/10/2009,Y,EACH,6.95,6.95,,,,,
10848,AACHF2,,AA Chiller Fitting Kit for AACH10,AA Chiller Fitting Kit: for AA,87,Active Aqua,12,Pumps & Irrigation,638104009188,CHINA,AACHF2.jpg,15018_ActiveAqualLOGO.jpg,7/10/2009,Y,EACH,6.95,6.95,,,,,
10851,AACHF3,,AA Chiller Fitting Kit: for AACH25 & AACH50,AA Chiller Fitting Kit: for AA,87,Active Aqua,12,Pumps & Irrigation,638104009164,CHINA,AACHF3.jpg,15018_ActiveAqualLOGO.jpg,7/10/2009,Y,EACH,8.95,8.95,,,,,
10845,AACHF4,,AA Chiller Fitting Kit for AACH25 & AACH50,AA Chiller Fitting Kit: for AA,87,Active Aqua,12,Pumps & Irrigation,638104009140,CHINA,AACHF4.jpg,15018_ActiveAqualLOGO.jpg,7/10/2009,Y,EACH,8.95,8.95,,,,,
10846,AACHF5,,AA Chiller Fitting Kit for AACH50,AA Chiller Fitting Kit: for AA,87,Active Aqua,12,Pumps & Irrigation,638104009126,CHINA,AACHF5.jpg,15018_ActiveAqualLOGO.jpg,7/10/2009,Y,EACH,10.95,10.95,,,,,
12789,AACHF6,,AA Chiller Fitting kit for AACH100,AA Chiller Fitting kit AACH100,87,Active Aqua,12,Pumps & Irrigation,638104000628,CHINA,AACHF6.jpg,15018_ActiveAqualLOGO.jpg,5/19/2011,N,EACH,14.95,14.95,,,,,
14957,AADHC100P,,Commercial 100 Pint Dehumidifier,Commercial 100 Pt Dehumidifier,84,Active Air,36,Ventilation,638104012041,CHINA,AADHC100P.jpg,8786_AA Logo.png,7/1/2013,Y,EACH,789.95,789.95,Automatic restart allows unit to be used with humidity controllers,Removable filter for easy cleaning,Built to last with heavy duty.. durable powder coated metal casing and a heavy duty compressor,Built-in defrost system engages at 32degreesF.. increasing efficiency by reducing defrost time,Casters or wheels for easy movement
14958,AADHC180P,,Commercial 180 Pint Dehumidifier,Commercial 180 Pt Dehumidifier,84,Active Air,36,Ventilation,638104012034,CHINA,AADHC180P.jpg,8786_AA Logo.png,7/1/2013,Y,EACH,1195.95,1195.95,Automatic restart allows unit to be used with humidity controllers,Easy-to-use digital display panel,Removable filter for easy cleaning,Built to last with heavy duty.. durable powder coated metal casing and a heavy duty compressor,Built-in defrost system engages at 32degreesF.. increasing efficiency by reducing defrost time
14959,AADHC60P,,Commercial 60 Pint Dehumidifier,Commercial 60 Pint Dehumidifie,84,Active Air,36,Ventilation,638104012096,CHINA,AADHC60P.jpg,8786_AA Logo.png,7/1/2013,Y,EACH,549.95,549.95,Automatic restart allows unit to be used with humidity controllers,Removable filter for easy cleaning,Built to last with heavy duty.. durable powder coated metal casing and a heavy duty compressor,Built-in defrost system engages at 32degreesF.. increasing efficiency by reducing defrost time,Casters or wheels for easy movement
15935,AAEFBK2,,ActiveAqua 1/2inches Fill/Drain Fit,ActiveAqua 1/2inches Fill/Drain Fit,87,Active Aqua,7,Hydro Components,10638104012833,CHINA,AAEFBK2.jpg,15018_ActiveAqualLOGO.jpg,1/8/2014,Y,EACH,16.95,16.95,Half-inch fill and drain fitting,This fitting is commonly used to transfer nutrient solution between the flood table and the reservoir in flood & drain hydroponic systems,Rugged plastic construction,,
15936,AAEFBK3,,ActiveAqua 3/4inches Fill/Drain Fit,ActiveAqua 3/4inches Fill/Drain Fit,87,Active Aqua,7,Hydro Components,10638104012826,CHINA,AAEFBK3.jpg,15018_ActiveAqualLOGO.jpg,1/8/2014,Y,EACH,18.95,18.95,Three-quarter inch fill and drain fitting,This fitting is commonly used to transfer nutrient solution between the flood table and the reservoir in flood & drain hydroponic systems,Rugged plastic construction,,
15937,AAEFBK4,,Active Aqua 1inches Fill/Drain Fit,Active Aqua 1inches Fill/Drain Fit,87,Active Aqua,7,Hydro Components,10638104012819,CHINA,AAEFBK4.jpg,15018_ActiveAqualLOGO.jpg,1/8/2014,Y,EACH,19.95,19.95,Half-inch fill and drain fitting,This fitting is commonly used to transfer nutrient solution between the flood table and the reservoir in flood & drain hydroponic systems,Rugged plastic construction,,
15933,AAEFEX1,,Active Aqua Extension Fitting,Active Aqua Extension Fitting,87,Active Aqua,7,Hydro Components,10638104012796,CHINA,AAEFEX1.jpg,15018_ActiveAqualLOGO.jpg,1/8/2014,Y,EACH,5.95,5.95,Extension fitting,This fitting allows you to raise the fill/drain level in a flood & drain hydroponic system,Use to set the proper fill level when using taller containers,,
15934,AAEFSC1,,Active Aqua Screen Fitting,Active Aqua Screen Fitting,87,Active Aqua,7,Hydro Components,10638104012802,CHINA,AAEFSC1.jpg,15018_ActiveAqualLOGO.jpg,1/8/2014,Y,EACH,5.95,5.95,Screen fitting for flood table,Screened design allows nutrient solution to flow freely while preventing growing media from getting into the pump and reservoir,Rugged plastic construction,,
15931,AAEFWA1,,Active Aqua Washer Fitting,Active Aqua Washer Fitting,87,Active Aqua,7,Hydro Components,10638104012789,CHINA,AAEFWA1.jpg,15018_ActiveAqualLOGO.jpg,1/8/2014,Y,EACH,3.95,3.95,Washer fitting for flood tables,Goes between the threaded flood table fitting and the table itself when assembling a flood/drain hydroponic system,Helps to assure a leak-free connection between the two components,,
13049,AAEL100,,1inches Elbow Connector,1inches Elbow Connector,87,Active Aqua,12,Pumps & Irrigation,638104005265,CHINA,AAEL100.jpg,15018_ActiveAqualLOGO.jpg,9/15/2011,Y,CASE,0.97,9.65,,,,,
13051,AAEL50,,1/2inches Elbow Connector,1/2inches Elbow Connector,87,Active Aqua,12,Pumps & Irrigation,638104005289,CHINA,AAEL50.jpg,15018_ActiveAqualLOGO.jpg,9/15/2011,Y,CASE,0.36,3.55,,,,,
13050,AAEL75,,3/4inches Elbow Connectors,3/4inches Elbow Connectors,87,Active Aqua,12,Pumps & Irrigation,638104005272,CHINA,AAEL75.jpg,15018_ActiveAqualLOGO.jpg,9/15/2011,Y,CASE,0.75,7.5,,,,,
16835,AAHR22W,,Flood Table 2x2 Premium White,Flood Table 2x2 Premium White,87,Active Aqua,7,Hydro Components,638104014892,CANADA,AAHR22W.jpg,15018_ActiveAqualLOGO.jpg,9/19/2014,N,EACH,59.59,59.59,,,,,
16836,AAHR24W,,Flood Table 2x4 Premium White,Flood Table 2x4 Premium White,87,Active Aqua,7,Hydro Components,638104014908,CANADA,AAHR24W.jpg,15018_ActiveAqualLOGO.jpg,9/19/2014,N,EACH,81.95,81.95,,,,,
16838,AAHR33W,,Flood Table 3x3 Premium White,Flood Table 3x3 Premium White,87,Active Aqua,7,Hydro Components,638104014915,CANADA,AAHR33W.jpg,15018_ActiveAqualLOGO.jpg,9/19/2014,N,EACH,115.95,115.95,,,,,
16839,AAHR36W,,Flood Table 3x6 Premium White,Flood Table 3x6 Premium White,87,Active Aqua,7,Hydro Components,638104014939,CANADA,AAHR36W_5.jpg,15018_ActiveAqualLOGO.jpg,9/19/2014,N,EACH,187.95,187.95,,,,,
16837,AAHR44W,,Flood Table 4x4 Premium White,Flood Table 4x4 Premium White,87,Active Aqua,7,Hydro Components,638104014922,CANADA,AAHR44W_2.jpg,15018_ActiveAqualLOGO.jpg,9/19/2014,N,EACH,147.95,147.95,,,,,
16840,AAHR84W,,Flood Table 8x4 Premium White,Flood Table 8x4 Premium White,87,Active Aqua,7,Hydro Components,638104014946,CANADA,AAHR84W.jpg,15018_ActiveAqualLOGO.jpg,9/19/2014,N,EACH,279.95,279.95,,,,,
14706,AAKDRIP6,,Active Aqua Top Drip Kit,Active Aqua Top Drip Kit,87,Active Aqua,7,Hydro Components,638104011303,CHINA,AAKDRIP6.jpg,15018_ActiveAqualLOGO.jpg,4/1/2013,Y,EACH,14.95,14.95,,,,,
14707,AAKEF1,,Active Aqua Ebb and Flow Kit,Active Aqua Ebb and Flow Kit,87,Active Aqua,7,Hydro Components,638104011297,CHINA,AAKEF1.jpg,15018_ActiveAqualLOGO.jpg,4/1/2013,Y,EACH,9.95,9.95,,,,,
15932,AAKEF2,aaefbk2,Active Aqua Fill/Drain Combo Kit,Active Aqua Fill/Drain  Kit,87,Active Aqua,7,Hydro Components,638104012775,CHINA,AAKEF2.jpg,15018_ActiveAqualLOGO.jpg,1/8/2014,Y,EACH,5.95,5.95,,,,,
16791,AALR24B,,Low Rise Flood Table 2x4feet,Low Rise Flood Table 2x4feet,87,Active Aqua,7,Hydro Components,638104014830,CANADA,AALR24B_3.jpg,15018_ActiveAqualLOGO.jpg,9/4/2014,N,EACH,49.95,49.95,,,,,
16792,AALR33B,,Low Rise Flood Table 3x3feet,Low Rise Flood Table 3x3feet,87,Active Aqua,7,Hydro Components,638104014823,CANADA,AALR33B.jpg,15018_ActiveAqualLOGO.jpg,9/4/2014,N,EACH,54.95,54.95,,,,,
16789,AALR44B,,Low Rise Flood Table 4x4feet,Low Rise Flood Table 4x4feet,87,Active Aqua,7,Hydro Components,638104014816,CANADA,AALR44B_3.jpg,15018_ActiveAqualLOGO.jpg,9/4/2014,N,EACH,79.95,79.95,,,,,
16790,AALR84B,,Low Rise Flood Table 4x8feet,Low Rise Flood Table 4x8feet,87,Active Aqua,7,Hydro Components,638104014809,CANADA,AALR84B.jpg,15018_ActiveAqualLOGO.jpg,9/4/2014,N,EACH,154.95,154.95,,,,,
7645,AAPA110L,,Air Pump 12 Outlets 112W 110L/min (4/cs),Air Pump 12 Outlets 112W 110L/,87,Active Aqua,12,Pumps & Irrigation,638104000611,CHINA,,15018_ActiveAqualLOGO.jpg,12/15/2006,Y,EACH,104.95,104.95,Ideal for running several Waterfarms or multiple air stones at once,Electrical magnetic air compressor in a high quality aluminum alloy case,Wear and tear-resistant material for cylinder and piston,High pressure and high output,Comes with 12-outlet.. high quality stainless steel & copper air manifold with individually controllable air outlets
8661,AAPA15L,,Air Pump 4 Outlets 6W 15L/min (16/cs),Air Pump 4 Outlets 6W 15L/min,87,Active Aqua,12,Pumps & Irrigation,638104000536,CHINA,AAPA15L_2.jpg,15018_ActiveAqualLOGO.jpg,4/8/2008,Y,EACH,27.95,27.95,Super silent with multi-level muffler,Adjustable pressure output via convenient dial,BPA free—safe for aquaponic use,Low power consumption,Oil free and environmentally safe
7639,AAPA25L,,Air Pump 8 Outlets 12W 25L/min (8/cs),Air Pump 8 Outlets 15W 25L/min,87,Active Aqua,12,Pumps & Irrigation,638104000550,CHINA,AAPA25L.jpg,15018_ActiveAqualLOGO.jpg,12/15/2006,Y,EACH,59.95,59.95,,,,,
7643,AAPA3.2L,,Air Pump 1 Outlet 2W 3.2L/min (40/cs),Air Pump 1 Outlet 2W 3.2L/min,87,Active Aqua,12,Pumps & Irrigation,638104000499,CHINA,AAPA3.2L.jpg,15018_ActiveAqualLOGO.jpg,12/15/2006,Y,EACH,9.95,9.95,,,,,
7644,AAPA45L,,Air Pump 6 Outlets 20W 45L min (12/cs),Air Pump 6 Outlets 20W 45L min,87,Active Aqua,12,Pumps & Irrigation,638104000581,CHINA,,15018_ActiveAqualLOGO.jpg,12/15/2006,Y,EACH,48.95,48.95,Ideal for running several Waterfarms or multiple air stones at once,Electrical magnetic air compressor in a high quality aluminum alloy case,Wear and tear-resistant material for cylinder and piston,High pressure and high output,Comes with 6-outlet.. high quality stainless steel & copper air manifold with individually controllable air outlets
7640,AAPA7.8L,,Air Pump 2 Outlets 3W 7.8L/min (30/cs),Air Pump 2 Outlets 5W 7.8L/min,87,Active Aqua,12,Pumps & Irrigation,638104000512,CHINA,AAPA7.8L_2.jpg,15018_ActiveAqualLOGO.jpg,12/15/2006,Y,EACH,14.95,14.95,Super silent with multi-level muffler,Adjustable pressure via convenient dial,BPA free—safe for aquaponic use,Low power consumption,Oil free and environmentally safe
7646,AAPA70L,,Air Pump 8 Outlets 60W 70L min (8/cs),Air Pump 8 Outlets 60W 70L min,87,Active Aqua,12,Pumps & Irrigation,638104000598,CHINA,,15018_ActiveAqualLOGO.jpg,12/15/2006,Y,EACH,59.95,59.95,Ideal for running several Waterfarms or multiple air stones at once,Electrical magnetic air compressor in a high quality aluminum alloy case.. wear and tear-resistant material for cylinder and piston,High pressure and high output,Comes with 8-outlet.. high quality stainless steel & copper air manifold with individually controllable air outlets,70 L/min.. 1..110 GPH
8306,AAPADIV12,,12 Outlet Copper Air Divider,Air Divider Copper 12 Outlets,87,Active Aqua,12,Pumps & Irrigation,638104005111,CHINA,,15018_ActiveAqualLOGO.jpg,12/19/2007,Y,EACH,10.95,10.95,,,,,
8346,AAPADIV6,,6 Outlet Copper Air Divider,Air Divider Copper 6 Outlets,87,Active Aqua,12,Pumps & Irrigation,638104005135,CHINA,,15018_ActiveAqualLOGO.jpg,12/19/2007,Y,EACH,6.95,6.95,,,,,
8303,AAPADIV8,,8 Outlet Copper Air Divider,Air Divider Copper 8 Outlets,87,Active Aqua,12,Pumps & Irrigation,638104005159,CHINA,,15018_ActiveAqualLOGO.jpg,12/19/2007,Y,EACH,8.95,8.95,,,,,
13774,AAPADIVP12,,Air Divider Plastic 12 Outlets,Air Divider Plastic 12 Outlets,87,Active Aqua,12,Pumps & Irrigation,638104007306,CHINA,AAPADIVP12.jpg,15018_ActiveAqualLOGO.jpg,3/6/2012,Y,EACH,4.95,4.95,,,,,
13772,AAPADIVP4,,Air Divider Plastic 4 Outlets,Air Divider Plastic 4 Outlets,87,Active Aqua,12,Pumps & Irrigation,638104007276,CHINA,AAPADIVP4.jpg,15018_ActiveAqualLOGO.jpg,3/6/2012,Y,EACH,1.55,1.55,,,,,
13775,AAPADIVP6,,Air Divider Plastic 6 Outlets,Air Divider Plastic 6 Outlets,87,Active Aqua,12,Pumps & Irrigation,638104007290,CHINA,AAPADIVP6.jpg,15018_ActiveAqualLOGO.jpg,3/6/2012,Y,EACH,2.95,2.95,,,,,
13773,AAPADIVP8,,Air Divider Plastic 8 Outlets,Air Divider Plastic 8 Outlets,87,Active Aqua,12,Pumps & Irrigation,638104007283,CHINA,AAPADIVP8.jpg,15018_ActiveAqualLOGO.jpg,3/6/2012,Y,EACH,3.55,3.55,,,,,
12517,AAPB10,,10inches Pump Bag 10.5 x 13.125 ,10inches Pump Bag 10.5 x 13.125 ,87,Active Aqua,12,Pumps & Irrigation,638104003360,CHINA,AAPB10.jpg,15018_ActiveAqualLOGO.jpg,3/9/2011,Y,EACH,11.95,11.95,,,,,
12516,AAPB6,,6inches Pump Bag 6.75 x 9.375,6inches Pump Bag 6.75 x 9.375,87,Active Aqua,12,Pumps & Irrigation,638104003353,CHINA,AAPB6_4.jpg,15018_ActiveAqualLOGO.jpg,3/9/2011,Y,EACH,9.95,9.95,,,,,
18022,AAPBD075,,Bottom Draw Pump Adapter 3/4inches,Bottom Draw Pump Adapter 3/4inches,87,Active Aqua,12,Pumps & Irrigation,638104017770,CHINA,,15018_ActiveAqualLOGO.jpg,10/6/2015,N,EACH,3.45,3.45,,,,,
18020,AAPBD085,,Bottom Draw Pump Adapter 7/8inches (150/cs),Bottom Draw Pump Adapter 7/8inches,87,Active Aqua,12,Pumps & Irrigation,638104017763,CHINA,AAPBD085.jpg,15018_ActiveAqualLOGO.jpg,10/6/2015,N,EACH,4.45,4.45,,,,,
18021,AAPBD100,,Bottom Draw Pump Adapter 1inches (150/cs),Bottom Draw Pump Adapter 1inches (1,87,Active Aqua,12,Pumps & Irrigation,638104017756,CHINA,AAPBD100.jpg,15018_ActiveAqualLOGO.jpg,10/6/2015,N,EACH,5.54,5.54,,,,,
7285,AAPM275,,Pro Pump 275 GPH,Pro Pump 275 GPH/QT EF,87,Active Aqua,12,Pumps & Irrigation,638104630061,USA,AAPM275.jpg,15018_ActiveAqualLOGO.jpg,5/25/2006,Y,EACH,89.95,89.95,,,,,
7287,AAPM500,,Pro Pump 500 GPH,Pro Pump 500GPH,87,Active Aqua,12,Pumps & Irrigation,638104630054,USA,AAPM500.jpg,15018_ActiveAqualLOGO.jpg,5/25/2006,Y,EACH,111.95,111.95,,,,,
10878,AAPM700,,Pump 700 GPH for EZC60,Pump 700 GPH for EZC60,87,Active Aqua,12,Pumps & Irrigation,250330251720,USA,AAPM700.jpg,15018_ActiveAqualLOGO.jpg,7/29/2009,Y,EACH,125.95,125.95,,,,,
10879,AAPM950,aapmimp950,Pump 950 GPH for EZC120,Pump 950 GPH for EZC120,87,Active Aqua,12,Pumps & Irrigation,250330271056,USA,AAPM950_3.jpg,15018_ActiveAqualLOGO.jpg,7/29/2009,Y,EACH,161.95,161.95,,,,,
8299,AAPMHF,,Garden Hose 1/2inches Barbed Fitting. 250-500,Garden Hose 1/2inches Barbed Fittin,74,Hydrofarm,12,Pumps & Irrigation,25033122505,USA,AAPMHF.jpg,15050_hydrofarm-logos.png,12/19/2007,N,EACH,10.95,10.95,,,,,
8309,AAPMIMP150,,Impeller for PU150,Impeller PU150,87,Active Aqua,12,Pumps & Irrigation,25033126558,CHINA,AAPMIMP150.jpg,15018_ActiveAqualLOGO.jpg,12/19/2007,N,EACH,14.95,14.95,,,,,
8329,AAPMIMP275,,Impeller for PU275,Impeller/PU275,87,Active Aqua,12,Pumps & Irrigation,25033125551,CHINA,AAPMIMP275_2.jpg,15018_ActiveAqualLOGO.jpg,12/19/2007,N,EACH,17.95,17.95,,,,,
8382,AAPMIMP500,,Impeller for PU500,Impeller/PU500,87,Active Aqua,12,Pumps & Irrigation,25033125759,CHINA,AAPMIMP500_2.jpg,15018_ActiveAqualLOGO.jpg,12/19/2007,N,EACH,21.95,21.95,,,,,
7290,AAPMPF1,,Pre-Filter/PU150,Pre-Filter/PU150,87,Active Aqua,12,Pumps & Irrigation,25033126053,USA,AAPMPF1_2.jpg,15018_ActiveAqualLOGO.jpg,5/25/2006,N,EACH,5.95,5.95,,,,,
7291,AAPMPF2,,Pre-Filter/PU275-500,Pre-Filter/PU275-500,87,Active Aqua,12,Pumps & Irrigation,25033125056,USA,AAPMPF2_2.jpg,15018_ActiveAqualLOGO.jpg,5/25/2006,N,EACH,10.95,10.95,,,,,
7281,AAPW1000,,Active Aqua Pump 1000 GPH,Active Aqua Pump 1000 GPH,87,Active Aqua,12,Pumps & Irrigation,638104650069,CHINA,AAPW1000.jpg,15018_ActiveAqualLOGO.jpg,5/25/2006,Y,EACH,76.95,76.95,,,,,
7283,AAPW160,,Active Aqua Pump 160 GPH,Active Aqua Pump 160 GPH,87,Active Aqua,12,Pumps & Irrigation,638104650021,CHINA,AAPW160_2.jpg,15018_ActiveAqualLOGO.jpg,5/25/2006,Y,EACH,14.95,14.95,Powerful mag drive construction,Indoor use,Oil free and environmentally safe,BPA free—safe for aquaponic use,Built for use with hydroponic systems
7284,AAPW250,,Active Aqua Pump 250 GPH,Active Aqua Pump 250 GPH,87,Active Aqua,12,Pumps & Irrigation,638104650014,CHINA,AAPW250.jpg,15018_ActiveAqualLOGO.jpg,5/25/2006,Y,EACH,25.95,25.95,,,,,
8344,AAPW40,,Active Aqua Pump 40 GPH,Active Aqua Pump 40 GPH,87,Active Aqua,12,Pumps & Irrigation,638104650403,CHINA,AAPW40.jpg,15018_ActiveAqualLOGO.jpg,12/19/2007,Y,EACH,9.95,9.95,,,,,
7286,AAPW400,,Active Aqua Pump 400 GPH,Active Aqua Pump 400 GPH,87,Active Aqua,12,Pumps & Irrigation,638104650038,CHINA,AAPW400.jpg,15018_ActiveAqualLOGO.jpg,5/25/2006,Y,EACH,28.95,28.95,Powerful mag drive construction,Oil free and environmentally safe,BPA free—safe for aquaponic use,Low power consumption,Built for use with hydroponic systems
7288,AAPW550,,Active Aqua Pump 550 GPH,Active Aqua Pump 550 GPH,87,Active Aqua,12,Pumps & Irrigation,638104650045,CHINA,AAPW550.jpg,15018_ActiveAqualLOGO.jpg,5/25/2006,Y,EACH,48.95,48.95,Powerful mag drive construction,Oil free and environmentally safe,BPA free—safe for aquaponic use,Low power consumption,Built for use with hydroponic systems
7289,AAPW800,,Active Aqua Pump 800 GPH,Active Aqua Pump 800 GPH,87,Active Aqua,12,Pumps & Irrigation,638104650052,CHINA,AAPW800_2.jpg,15018_ActiveAqualLOGO.jpg,5/25/2006,Y,EACH,66.95,66.95,,,,,
13809,AAPWIMP1000,,Impeller for AAPW1000,Impeller for AAPW1000,87,Active Aqua,12,Pumps & Irrigation,638104008068,CHINA,AAPWIMP1000.jpg,15018_ActiveAqualLOGO.jpg,3/20/2012,N,EACH,16.95,16.95,,,,,
13805,AAPWIMP160,,Impeller for AAPW160,Impeller for AAPW160,87,Active Aqua,12,Pumps & Irrigation,638104007986,CHINA,AAPWIMP160.jpg,15018_ActiveAqualLOGO.jpg,3/20/2012,N,EACH,2.95,2.95,,,,,
8300,AAPWIMP250,,Impeller for AAPW250,Impeller for AAPW250,87,Active Aqua,12,Pumps & Irrigation,638104008013,CHINA,AAPWIMP250.jpg,15018_ActiveAqualLOGO.jpg,12/19/2007,N,EACH,2.95,2.95,,,,,
13806,AAPWIMP400,,Impeller for AAPW400,Impeller for AAPW400,87,Active Aqua,12,Pumps & Irrigation,638104008037,CHINA,AAPWIMP400.jpg,15018_ActiveAqualLOGO.jpg,3/20/2012,N,EACH,4.95,4.95,,,,,
13807,AAPWIMP550,,Impeller for AAPW550,Impeller for AAPW550,87,Active Aqua,12,Pumps & Irrigation,638104008044,CHINA,AAPWIMP550.jpg,15018_ActiveAqualLOGO.jpg,3/20/2012,N,EACH,7.95,7.95,,,,,
13808,AAPWIMP800,,Impeller for AAPW800,Impeller for AAPW800,87,Active Aqua,12,Pumps & Irrigation,638104008051,CHINA,AAPWIMP800.jpg,15018_ActiveAqualLOGO.jpg,3/20/2012,N,EACH,7.95,7.95,,,,,
8392,AAPWPF1000,,Pre-filter AAPW1000,Pre-filter AAPW1000,87,Active Aqua,12,Pumps & Irrigation,638104008105,CHINA,AAPWPF1000_3.jpg,15018_ActiveAqualLOGO.jpg,12/19/2007,N,EACH,1.95,1.95,Replacement filter for 1000 GPH pump,Replacement part,For use with Active Aqua water pump,,
13810,AAPWPF160,,Pre-filter AAPW160,Pre-filter AAPW160,87,Active Aqua,12,Pumps & Irrigation,638104008075,CHINA,AAPWPF160.jpg,15018_ActiveAqualLOGO.jpg,3/20/2012,N,EACH,0.95,0.95,,,,,
8359,AAPWPF250,,Pre-filter AAPW250,Pre-filter AAPW250,87,Active Aqua,12,Pumps & Irrigation,638104008129,CHINA,AAPWPF250.jpg,15018_ActiveAqualLOGO.jpg,12/19/2007,N,EACH,1.95,1.95,,,,,
8398,AAPWPF400,,Pre-filter AAPW400,Pre-filter AAPW400,87,Active Aqua,12,Pumps & Irrigation,638104008150,CHINA,AAPWPF400_3.jpg,15018_ActiveAqualLOGO.jpg,12/19/2007,N,EACH,1.95,1.95,,,,,
8385,AAPWPF550,,Pre-filter AWPW550,Pre-filter AWPW550,87,Active Aqua,12,Pumps & Irrigation,638104008174,CHINA,AAPWPF550_3.jpg,15018_ActiveAqualLOGO.jpg,12/19/2007,N,EACH,1.95,1.95,,,,,
8390,AAPWPF800,,Pre-filter AAPW800,Pre-filter AAPW800,87,Active Aqua,12,Pumps & Irrigation,638104008181,CHINA,AAPWPF800.jpg,15018_ActiveAqualLOGO.jpg,12/19/2007,N,EACH,1.95,1.95,,,,,
12523,AARD100075,,1inches to 3/4inches Reducer,1inches to 3/4inches Reducer,87,Active Aqua,12,Pumps & Irrigation,638104003582,CHINA,AARD100075_3.jpg,15018_ActiveAqualLOGO.jpg,3/9/2011,Y,CASE,2,19.95,,,,,
12524,AARD7550,,3/4inches to 1/2inches Reducer ,3/4inches to 1/2inches Reducer ,87,Active Aqua,12,Pumps & Irrigation,638104003568,CHINA,AARD7550_2.jpg,15018_ActiveAqualLOGO.jpg,3/9/2011,Y,CASE,0.9,8.95,,,,,
13183,AARO100,,Active Aqua 100 Reverse Osmosis System,Active Aqua 100 Reverse Osmosi,87,Active Aqua,32,Water Filtration,638104005456,USA,AARO100_2.jpg,15018_ActiveAqualLOGO.jpg,11/2/2011,Y,EACH,184.95,184.95,,,,,
13184,AARO200,,Active Aqua 200 Reverse Osmosis System,Active Aqua 200 Reverse Osmosi,87,Active Aqua,32,Water Filtration,638104005463,USA,AARO200.jpg,15018_ActiveAqualLOGO.jpg,11/2/2011,Y,EACH,249.95,249.95,,,,,
13186,AARO312,,Active Aqua Two Stage RO,Active Aqua Two Stage RO,87,Active Aqua,32,Water Filtration,638104005487,USA,AARO312.jpg,15018_ActiveAqualLOGO.jpg,11/2/2011,Y,EACH,126.95,126.95,,,,,
14991,AARO315,,10inches Carbon and Sediment Combo Filter,10inchesCarbonSediment Combo Filter,87,Active Aqua,32,Water Filtration,638104012157,USA,AARO315.jpg,15018_ActiveAqualLOGO.jpg,7/22/2013,Y,EACH,6.95,6.95,,,,,
13181,AARO410,,Active Aqua 10inches RO-De Chlorination System,10inches RO-De Chlorination System,87,Active Aqua,32,Water Filtration,638104005432,USA,AARO410.jpg,15018_ActiveAqualLOGO.jpg,11/2/2011,Y,EACH,79.95,79.95,,,,,
13182,AARO420,,Active Aqua 20inches RO-De Chlorination System,20inches RO-De Chlorination System,87,Active Aqua,32,Water Filtration,638104005449,USA,AARO420_2.jpg,15018_ActiveAqualLOGO.jpg,11/2/2011,Y,EACH,169.95,169.95,,,,,
13187,AARO501,aaro502,Active Aqua 10inches Polyblown Sediment Filter,10inches Polyblown Sediment Filter,87,Active Aqua,32,Water Filtration,638104005494,USA,AARO501.jpg,15018_ActiveAqualLOGO.jpg,11/2/2011,Y,EACH,8.95,8.95,,,,,
13188,AARO502,,Active Aqua 20inches Polyblown Sediment Filter,20inches Polyblown Sediment Filter,87,Active Aqua,32,Water Filtration,638104005500,USA,AARO502_2.jpg,15018_ActiveAqualLOGO.jpg,11/2/2011,Y,EACH,12.95,12.95,,,,,
13189,AARO610,aaro620,Active Aqua 10inches Carbon Block Filter,10inches Carbon Block Filter,87,Active Aqua,32,Water Filtration,638104005517,USA,AARO610.jpg,15018_ActiveAqualLOGO.jpg,11/2/2011,Y,EACH,13.95,13.95,,,,,
13190,AARO620,,Active Aqua 20inches Carbon Block Filter,20inches Carbon Block Filter,87,Active Aqua,32,Water Filtration,638104005524,USA,AARO620_2.jpg,15018_ActiveAqualLOGO.jpg,11/2/2011,Y,EACH,28.95,28.95,,,,,
